1,"[-2.75, 1.25, -0.75, 0.15, 0.95, 1.7, 0, 0.9, -1.65, -3.45]"
2,"[-12.36, -3.64, 1.6, 5.28, 2.44, -3.6, 2.08, 0.08, 1.12, 2.72]"
3,"[0.56, -1.78, -3.06, 8.5, 0.7, -0.38, 0.34, -0.82, -2.82, -2.22]"
4,"[-1.8, -4.35, -4.05, 6.4, 4.2, -14.05, -2.85, -7.3, 8.6, -0.35]"
5,"[3.86, 1.08, 0.63, -3.99, 6.24, -3.42, -3.46, -0.14, -0.1, -1.7]"
6,"[-5.34, 0.4, -5.88, 5.44, -1.7, -5.42, -1.22, 0.28, 1.04, 7.4]"
7,"[3.08, -6.45, -2.75, 1.37, -8.05, -7.52, -1.94, -1.94, 7.83, 6.43]"
8,"[-2.02, 3.34, 1.18, -5.38, -3.28, 5.98, 4.68, -0.02, -1.08, 0.08]"
9,"[-0.75, -4.0, 2.0, 7.0, 2.0, -1.5, -0.5, 0.5, -1.5, -3.75]"
10,"[-1.04, -0.07, 1.64, 5.95, 1.31, -4.05, -1.01, -1.69, 0, 3.29]"
11,"[-3.5, 1.85, 2.3, 1.55, 0.9, -1.2, 0.8, -4.1, 0, 2.45]"
12,"[-1.0, 6.5, -1.75, 0.0, 1.25, 7.5, 1.75, 7.75, -5.0, -1.5]"
13,"[-4.62, 0.36, -0.82, 6.84, 1.8, -3.76, -0.38, -0.72, 0.96, 1.32]"
14,"[-0.6, -1.35, 2.65, -1.1, -0.1, -0.1, 0, 0, 0.8, 0.6]"
15,"[-48.64, -66.76, -28.78, 76.1, -4.16, -5.08, 13.02, -23.9, -22.0, -48.04]"
16,"[0.29, -2.16, 0.45, 0.46, 1.18, -1.27, 0.39, 0, 0, -1.44]"
17,"[-37.0, -37.5, -8.52, 55.2, 0.32, 6.96, 40.62, -4.72, -5.2, -20.08]"
18,"[-2.36, 1.16, -0.92, 2.48, 0.88, 0.48, 2.28, -0.24, 0, 0.6]"
19,"[-11.34, -24.46, -8.62, 15.14, -11.68, -17.18, 0.94, -5.6, 6.36, -4.26]"
20,"[8.61, 0.54, -3.06, -7.84, 9.91, -5.85, -0.16, -2.58, 11.02, 8.51]"
21,"[0.56, -6.99, -6.38, 16.36, 3.74, -7.87, -0.61, -4.65, -3.08, -2.46]"
22,"[-18.63, 11.42, 7.18, -12.89, 2.79, 17.36, 14.36, 10.05, 1.45, 11.64]"
23,"[-8.98, -37.05, -8.71, 38.2, -6.21, -8.43, 10.38, -7.55, 0.29, -13.69]"
24,"[1.0, -1.0, -0.8, 1.6, 0.6, 1.4, 0.4, -0.6, -1.2, -2.0]"
25,"[-2.32, -0.96, 0.28, 0.8, -0.36, 0.68, -1.24, -1.12, -0.12, 0.28]"
26,"[-7.6, -0.08, -6.42, 9.2, -5.32, 17.18, 11.38, -0.88, -2.94, -14.28]"
27,"[-3.1, 0.18, 0.18, 0.88, -0.1, -2.38, 1.36, -1.46, 0, 0.18]"
28,"[2.22, -8.43, -3.35, 0.36, -0.86, 0.76, 0.11, 0.73, 0, -7.16]"
29,"[-3.04, 5.92, 1.44, -1.58, -7.54, 0.66, -0.52, 3.18, 0, -6.3]"
30,"[-56.32, -24.4, -33.8, 111.1, 21.64, 9.0, 10.6, -22.84, 3.8, -15.28]"
31,"[-4.41, 4.43, 2.13, 1.39, -1.19, 1.95, 0.15, 0, -0.85, 0.62]"
32,"[-4.56, 5.14, 3.38, 2.46, -2.28, -0.58, -0.66, 0, -2.98, 1.1]"
33,"[-4.2, -3.48, -2.68, 4.36, 0.56, 1.28, 2.2, -1.76, 0.72, -4.88]"
34,"[-10.84, -8.46, -6.0, 9.52, -2.98, 2.6, -0.62, -5.02, 0.18, -0.54]"
35,"[2.27, 1.94, -0.78, -1.79, 3.16, -1.73, 0, -0.39, -0.89, -0.78]"
36,"[-7.8, -0.68, -0.34, 11.18, -2.74, -2.36, 1.14, -1.1, -0.86, -1.82]"
37,"[-1.84, -3.36, -2.12, 4.1, 3.04, -1.18, 0, 0, 2.64, -0.3]"
38,"[-1.46, -8.67, -2.69, 4.43, -0.01, -1.93, 3.02, 0.21, -1.45, -4.8]"
39,"[1.15, 3.04, -2.11, -0.01, 0.84, 4.88, -2.32, -2.64, -1.58, -0.48]"
40,"[1.41, -1.21, 0.85, -1.7, 0.96, 0.33, 0.92, -0.01, -0.53, 0.34]"
41,"[-0.69, 0.48, -5.88, 2.65, 1.58, 0.8, -0.07, -5.99, -0.85, 6.34]"
42,"[-0.59, -1.43, 1.73, 0.77, -1.57, -1.26, 0.94, -1.52, -1.55, -0.86]"
43,"[-7.22, -4.83, -2.9, 16.39, 9.27, -2.88, 0.04, -6.91, 2.06, -3.82]"
44,"[-0.31, 0.7, 0.68, -0.64, 0.02, 1.04, -0.99, 0, 0, 1.69]"
45,"[-5.34, -2.24, 1.26, 0.06, -2.46, 3.52, 1.38, -0.24, 0, -0.24]"
46,"[-1.15, 0.75, 0.25, 0.65, 0.1, 0.35, 0.15, 0.05, 0.15, 0.6]"
47,"[-3.4, 1.04, 1.28, 1.76, -2.2, 3.72, -0.52, 0.32, -0.68, -0.76]"
48,"[-0.52, -16.13, -15.37, 34.99, 14.86, -17.39, -0.04, -23.72, 2.3, -1.95]"
49,"[2.2, -9.4, -5.35, 9.0, 3.15, -4.2, 1.1, 1.1, 1.55, 1.8]"
50,"[-1.32, 2.33, 2.84, 0.87, 0.03, 0.6, -0.54, -0.27, 0, -2.51]"
51,"[-5.61, -1.79, 0.15, -2.64, -5.82, 2.36, 3.15, 3.15, 2.06, 2.21]"
52,"[-7.86, -0.9, -3.36, 10.54, 10.48, -7.62, -1.54, -8.54, -0.18, 5.74]"
53,"[-3.92, 8.36, 3.92, 4.32, 4.72, 6.88, 0.48, 4.2, -10.56, -11.88]"
54,"[-1.14, -1.64, 2.32, 2.84, 1.76, 1.52, 0.66, -1.78, 1.6, -2.08]"
55,"[-0.45, 1.25, 3.75, -2.85, -2.9, 2.3, 1.7, 0.35, 0, -0.15]"
56,"[-5.23, -31.1, -23.28, 0.4, 13.27, -8.29, 4.31, 2.07, 16.09, -8.68]"
57,"[5.5, 1.1, -9.3, 47.6, 19.3, -16.6, -8.95, -34.35, 1.05, -7.6]"
58,"[-7.7, -8.02, 6.93, 12.2, -2.73, 5.03, 3.88, -0.9, 0.22, -8.41]"
59,"[-10.2, -13.34, -4.4, 16.62, -2.81, 0.79, 1.73, 2.23, 6.46, -12.75]"
60,"[-5.6, -3.52, 1.88, 11.82, 0.56, -0.8, 0.32, 0.6, 0.6, -3.62]"
61,"[-4.42, 14.59, 4.29, 11.31, 7.28, 17.14, 2.69, 0.69, -17.11, -8.7]"
62,"[0.72, -1.62, 3.74, -0.16, 0.92, -2.84, -0.82, 0, 0.96, 1.9]"
63,"[-8.9, 12.58, 10.44, 1.88, -3.06, 7.2, 0.54, -0.68, 0.82, 17.82]"
64,"[-1.0, -1.0, 0.0, 3.0, -1.0, 1.0, 0, 2.0, -1.0, 0.0]"
65,"[2.05, -2.3, -2.6, 1.9, -0.45, -0.15, 0, 0, 0, -2.75]"
66,"[-1.76, 5.04, -1.4, -1.16, -0.72, 0.04, -1.8, -5.8, 0, 3.44]"
67,"[-13.76, -1.04, 1.64, 22.24, -0.96, -3.52, -0.8, -0.04, 1.44, -8.76]"
68,"[-1.58, 2.26, -1.16, -2.1, 4.96, 1.1, 1.16, 0.14, 0.92, 3.7]"
69,"[-3.62, -0.22, -5.2, 5.14, 2.22, -0.6, 0.14, 0, 4.18, 6.24]"
70,"[-5.6, -0.4, -3.2, 6.6, 6.0, 1.0, -0.6, -2.0, 0.2, 3.0]"
71,"[-0.35, -0.54, -1.81, 1.03, 0.65, 1.46, 2.92, -0.54, 0, 0.19]"
72,"[-2.28, -19.72, -7.74, 25.22, 4.78, -0.66, 2.66, 1.4, -0.4, -16.66]"
73,"[-80.84, -37.63, -22.74, 181.45, -9.56, 9.47, 24.8, -33.84, 21.44, -29.58]"
74,"[-1.96, 6.4, 0.12, -1.08, -0.72, 3.2, -0.08, -0.24, -0.08, 3.28]"
75,"[-0.54, -3.1, -2.82, -8.88, 2.06, -5.16, 10.02, 2.02, -1.06, 1.36]"
76,"[-0.16, -0.72, 0, 1.58, 0.78, -0.96, -0.24, 0, -0.24, -0.22]"
77,"[5.06, 9.44, 11.58, -14.7, -13.7, -6.88, 2.8, 1.82, 10.16, 11.2]"
78,"[-14.5, 8.6, -7.4, 7.7, -4.6, 8.4, 2.8, -2.6, -5.2, -8.2]"
79,"[-5.51, 0.54, 3.9, 3.55, -1.77, 1.11, -0.03, -0.56, 1.88, 1.04]"
80,"[-0.32, -5.12, 1.44, 3.48, -4.12, -3.32, 2.08, -3.28, 2.8, -1.84]"
81,"[-0.15, -2.1, -2.9, 0.1, -8.1, -7.5, -1.65, -1.1, 1.25, -1.5]"
82,"[-1.54, -9.93, -6.66, 7.46, 4.34, -4.54, 0.17, 1.78, 2.17, -5.32]"
83,"[8.88, -11.32, -9.8, 3.3, -8.38, -12.24, -5.04, 1.56, -2.6, 6.94]"
84,"[-3.1, -1.3, -1.28, -0.62, -0.86, 0.54, -1.48, 0.12, -0.54, 2.32]"
85,"[-3.82, 14.86, 5.28, -3.27, -0.04, 17.88, -2.02, -5.19, -5.36, 5.58]"
86,"[-5.6, -12.2, -3.8, 21.6, -7.0, -6.6, 0.6, 0.0, 0.4, -8.8]"
87,"[0.5, -0.3, -0.2, 1.0, -1.1, 1.0, -0.6, 0, -1.3, -3.0]"
88,"[-7.18, -25.32, -21.3, 29.94, 19.66, -14.04, -8.86, -9.18, 8.16, -18.94]"
89,"[-2.02, 1.46, -3.86, 2.14, 0.34, -0.26, -0.9, -1.32, -0.9, 1.1]"
90,"[0.51, -3.95, 2.7, 3.4, -0.76, -0.52, 3.89, 1.54, -1.46, 0.24]"
91,"[-24.3, 17.77, 10.07, 8.75, 0.11, 6.91, 2.64, -1.85, 7.11, 17.68]"
92,"[-2.86, -4.3, -4.66, 6.98, -3.5, 6.26, 3.88, -6.82, -0.7, -8.06]"
93,"[-3.4, -3.6, -5.4, 7.4, -4.7, 0.2, 0.2, -1.6, -2.3, -4.6]"
94,"[-5.7, -23.6, -19.4, 29.4, 8.5, -10.3, 4.6, -5.2, 4.2, -12.6]"
95,"[15.44, 2.15, -2.5, 4.57, 7.29, -4.66, 1.09, -18.48, 1.88, 11.07]"
96,"[2.14, -0.48, -0.16, -9.18, 2.34, 1.18, 6.62, 0.52, 0, 1.68]"
97,"[17.29, -16.61, -0.1, -0.24, -4.31, -0.81, 1.67, -5.15, -2.21, 4.57]"
98,"[6.75, -1.45, -2.25, -0.95, 2.6, -1.15, -2.9, -0.15, 1.1, -5.6]"
99,"[-0.22, -20.05, -22.03, 17.14, 20.21, -0.19, 2.12, -0.58, 0.26, -20.2]"
100,"[0.2, -2.42, 1.86, 0.34, 0.34, 0.2, 1.24, 0, 0.24, -2.04]"
101,"[-7.01, 1.97, 3.75, 2.62, -1.41, -2.7, 0.95, -1.14, 0.09, 8.94]"
102,"[-19.37, -6.54, -5.59, 19.03, 7.42, -6.25, 3.59, -9.87, 4.63, -4.57]"
103,"[5.18, -18.26, -8.6, 9.86, 0.58, 7.9, 7.7, 2.64, 1.48, -7.38]"
104,"[-0.5, -3.0, -0.55, -0.35, 0.25, -3.9, 0.15, -1.25, 1.35, 0.25]"
105,"[-16.26, -20.96, -12.18, 27.6, -1.34, 13.26, 4.3, -1.12, -1.74, -16.76]"
106,"[-3.34, 1.8, 1.96, 2.88, -6.4, 1.44, 0.64, -1.04, -0.72, 1.28]"
107,"[-8.3, -1.45, 1.35, 7.75, -2.05, 4.45, 1.8, -2.4, 1.15, 1.6]"
108,"[-2.3, -1.73, 2.28, 1.84, 1.85, -1.59, -1.43, 1.14, 4.71, 2.7]"
109,"[-1.2, -3.4, -2.2, 2.02, 0.8, 1.46, 0.44, 0.86, 0, -3.98]"
110,"[3.84, 5.8, -4.08, -6.4, 3.04, 4.96, -3.12, -1.48, -2.48, 1.0]"
111,"[8.1, 5.27, -3.9, -16.37, -6.02, -8.15, -0.16, 0.92, -6.1, 1.95]"
112,"[3.0, -5.0, 0.0, 4.0, 0.0, -4.0, -3.0, 0, 0, -5.0]"
113,"[0.42, -2.34, 0.38, 0.18, -1.1, -1.34, 0, 0, 0.38, -0.48]"
114,"[0.36, -1.8, -0.16, 2.44, 2.68, -0.8, 0, -2.16, 2.76, 2.36]"
115,"[-0.02, -1.72, 0.64, 1.24, 0.1, -1.22, -2.36, -0.09, -0.68, 2.19]"
116,"[-2.3, -7.55, -0.4, 1.5, 0.95, -3.3, 1.15, 0.3, 1.15, -1.05]"
117,"[2.06, -5.14, -3.32, 10.64, 7.42, -8.78, -0.82, -6.64, 0, -3.32]"
118,"[-8.0, -2.0, -23.0, 18.0, 2.0, 7.0, 3.0, -2.0, -2.0, -11.0]"
119,"[6.5, -73.5, -40.0, 80.5, 16.5, -31.5, 10.0, -24.0, 7.0, -34.0]"
120,"[-1.91, -3.05, 1.25, -3.0, -5.75, -1.45, -2.3, -0.89, -1.97, -4.75]"
121,"[-8.08, 0.04, -1.44, 7.44, -0.04, 2.12, 1.92, -2.16, -1.2, -4.64]"
122,"[-6.2, -3.35, -0.4, 7.3, 2.65, -4.5, 0, 0.15, 0.3, -3.35]"
123,"[-1.25, 0.75, 0.5, -4.75, 0.5, -1.0, 3.0, 0.5, 0, -0.75]"
124,"[2.25, -3.5, 5.5, -3.75, 0.25, -8.25, -2.75, -1.25, 3.5, 7.5]"
125,"[-3.9, -12.72, -17.74, 26.7, 5.48, 4.58, 3.62, 1.46, -1.22, -10.08]"
126,"[2.84, 3.38, -0.31, -3.57, -3.03, 2.56, -1.18, 0.41, 1.28, -2.8]"
127,"[3.35, -2.4, -1.05, -1.35, 1.55, -3.35, -1.1, 0, 0, -1.2]"
128,"[-0.86, -5.08, -1.92, 1.88, 14.4, -8.44, -8.52, -28.66, 13.18, 10.52]"
129,"[-1.8, -3.0, -3.6, 5.4, 1.2, 1.8, 0, -0.4, 0.4, 0.2]"
130,"[-8.37, -9.62, -7.67, 10.35, 5.68, -9.07, -6.72, -10.85, 6.51, 7.62]"
131,"[-4.0, -1.3, 0.3, 10.5, 2.9, 0.2, -1.1, 2.9, -1.7, -0.4]"
132,"[8.62, -8.8, -3.96, 7.3, -2.0, -6.64, -0.84, -0.78, -1.26, -3.04]"
133,"[-7.35, -11.01, -7.94, 24.29, 1.74, -1.64, -0.81, -3.74, -6.68, 5.29]"
134,"[-25.29, -0.15, 16.19, -3.07, -13.89, 26.51, 12.73, 14.54, -8.17, -3.43]"
135,"[1.56, -4.48, -3.24, 5.28, -1.62, -2.1, 0, 0, 0, -2.86]"
136,"[-4.32, 3.23, 1.59, -4.15, -0.36, -0.43, 0, 0, 4.4, 7.32]"
137,"[0.1, 14.21, 9.02, 0.02, -0.95, 8.32, 3.35, -6.92, -0.11, 0.91]"
138,"[-13.94, -11.43, -5.12, 17.76, -4.76, 4.01, 5.24, 0.08, -13.05, -26.51]"
139,"[-11.3, 2.35, 3.86, 6.42, -6.1, 1.24, -2.05, -1.83, 0, 2.68]"
140,"[-5.98, -0.66, 1.6, 2.78, -3.44, 2.6, -0.14, 1.12, 0.22, -0.32]"
141,"[-1.34, 2.28, -4.53, 4.94, -0.51, 1.45, 0.66, 0, 0, -2.36]"
142,"[-8.36, -1.12, -0.76, 5.64, -0.4, 4.2, 1.28, 3.56, 1.32, -1.52]"
143,"[-1.25, -7.73, -11.4, 10.33, 12.15, -3.25, -6.33, 1.62, -0.69, -6.4]"
144,"[-8.76, -2.68, 2.12, 3.36, 0.6, 4.4, 2.04, 1.04, 1.04, -2.28]"
145,"[3.14, 3.65, -0.92, -6.86, 2.06, 5.16, 1.02, -0.98, -0.47, -0.88]"
146,"[-1.28, -5.08, 0.99, 2.96, -8.95, -0.66, 0.91, 0.44, 5.23, 4.57]"
147,"[0.84, -0.48, -0.62, 3.86, -5.44, 3.16, -1.12, 0.88, -0.1, 0.66]"
148,"[-2.51, -10.8, -9.32, 5.5, 3.79, -6.35, 0.75, -5.07, 3.39, 3.71]"
149,"[3.94, -9.82, -5.7, 8.54, 15.16, 1.08, -1.06, -1.66, -0.46, 2.6]"
150,"[-29.42, 14.03, -7.52, 25.69, 1.84, 21.45, 9.7, -3.42, -1.77, 4.68]"
151,"[-4.79, -3.25, 4.97, 2.75, -0.49, 9.02, 1.35, -0.73, -0.19, 1.59]"
152,"[-15.44, 5.48, 20.0, -6.3, -6.46, 12.82, 9.92, -0.7, 2.3, 9.12]"
153,"[-4.3, -5.98, -1.98, 7.62, -0.86, -2.98, 0.34, -0.66, -0.88, -3.42]"
154,"[0.6, 2.12, 1.16, 0.36, -1.72, 2.16, 1.04, -0.96, 0.16, 2.28]"
155,"[-5.4, 3.1, -3.0, 0.4, -0.5, -1.2, 0.9, 2.8, 1.3, -2.6]"
156,"[2.18, -11.08, -3.04, 12.64, 3.38, -3.3, 0.96, 0, 0.82, -6.4]"
157,"[-13.7, -33.0, 2.7, 36.1, -1.2, 5.0, 15.0, -3.5, 9.7, -26.1]"
158,"[-1.34, -0.7, -3.1, 2.16, -3.24, 0.78, 0.38, -1.86, -0.74, 0.66]"
159,"[-16.94, 1.14, 5.03, 1.4, 0.82, 1.64, 8.24, -1.85, 0.94, 4.98]"
160,"[-15.08, -0.8, -2.92, 14.52, 4.28, 5.6, -1.72, 0.08, -1.96, -2.92]"
161,"[-3.72, -5.72, -1.38, 0.96, 1.66, 4.02, 0.1, 1.42, -2.32, -3.6]"
162,"[1.15, -2.7, -0.9, 3.7, -0.85, -2.5, -0.45, 0, 0, -2.8]"
163,"[-9.3, -18.46, -6.42, 20.16, 6.29, -11.68, -0.57, -0.26, -1.76, -3.25]"
164,"[-1.36, -4.84, -4.14, 7.74, -0.3, 5.32, 3.68, -0.22, -2.98, -10.94]"
165,"[-2.3, -5.4, 9.5, 21.25, 4.3, -9.55, 2.1, 6.6, 4.55, -1.95]"
166,"[-6.72, -3.08, -2.26, 8.06, -3.12, -1.18, 0.86, 0, 1.3, 4.76]"
167,"[1.43, -6.09, -1.18, 2.65, 0.13, -0.35, 1.13, 1.52, 1.39, -0.48]"
168,"[-7.28, -5.4, -0.08, 3.0, 0.24, 0.88, -0.92, -0.96, 0.76, 7.68]"
169,"[-12.84, 18.93, 4.91, 2.49, -7.19, 8.31, 0.4, 0.78, 7.24, 7.1]"
170,"[-1.48, -0.54, -0.48, 1.28, 0.88, 0.64, 1.94, 0, -1.18, -2.42]"
171,"[0.62, -1.3, -1.06, 1.56, 1.76, 0.1, -3.36, -2.12, -1.12, -1.3]"
172,"[1.08, -2.22, -1.48, 0.12, -1.96, -0.18, 0.52, 0, -1.48, -1.44]"
173,"[1.0, 0.0, 0.0, 3.0, 3.0, -1.0, 0.0, 0.0, 1.0, -2.0]"
174,"[6.0, 0.0, 0.5, 2.5, 2.5, -4.5, -2.5, 0.5, 0.0, 2.5]"
175,"[-11.04, -2.5, 4.68, 4.78, -8.12, 2.16, -0.96, -2.22, 1.94, 7.1]"
176,"[-31.46, 8.02, 5.06, 28.5, 6.92, 2.42, 0.58, -9.98, 1.7, 9.98]"
177,"[15.12, -5.76, -15.6, 9.16, 4.8, -12.68, 10.0, -4.88, 3.32, 4.44]"
178,"[-0.52, 6.71, 1.34, 3.74, -2.14, -3.76, -4.55, -1.07, 0.91, 6.81]"
179,"[1.76, -3.92, -5.52, 1.18, -0.18, -5.28, 1.36, 0, -0.14, 0.42]"
180,"[-0.16, 2.99, 2.28, -2.44, 2.28, -0.72, 0.57, -3.86, -0.86, 1.28]"
181,"[-0.47, 0.04, -1.32, 1.03, 0.34, 0.38, -0.65, -0.83, -0.33, -0.98]"
182,"[-3.93, 3.32, 1.33, 4.78, 8.6, 3.18, 0.19, -0.81, 2.33, 6.7]"
183,"[-5.78, -0.9, -3.9, 6.46, 0.1, 6.2, 3.12, 0.04, -0.98, -3.9]"
184,"[-4.3, 1.0, -1.1, 2.4, -1.6, 0.8, 0, 0.3, 3.2, -1.6]"
185,"[5.0, 0.2, -7.4, 6.6, 4.0, 1.0, 2.6, -1.6, -2.0, -2.6]"
186,"[-10.56, -0.62, 5.52, 6.42, -5.24, 2.02, 2.9, 0, 2.08, 4.06]"
187,"[16.58, -26.24, -21.08, 23.2, 7.54, -14.7, -4.94, -5.04, -1.68, -25.08]"
188,"[1.86, -4.08, -6.28, 10.54, 1.98, -0.08, -2.48, -1.9, 2.3, -2.82]"
189,"[-10.47, 5.57, -7.25, 18.32, -4.87, 21.05, 16.82, 10.75, -9.14, -3.87]"
190,"[-3.0, -2.0, 0.0, 4.0, -2.0, -2.0, 5.0, 1.0, -1.0, -2.0]"
191,"[-1.56, -4.77, -1.21, 6.16, 0.72, 1.02, -0.07, 0.93, -2.14, -2.63]"
192,"[-1.0, -9.5, -3.5, 12.0, 1.5, -3.5, -1.5, -0.5, 2.0, -1.5]"
193,"[-1.25, -0.5, -1.75, 1.5, -1.75, -0.25, -0.75, -0.25, -1.5, -2.25]"
194,"[-1.86, -0.25, -1.37, 3.67, 1.08, -0.8, 0.02, -0.98, 1.02, 0.69]"
195,"[-29.15, -42.65, -7.55, 31.95, -4.35, -20.3, 11.95, -4.7, 6.65, 1.3]"
196,"[-8.74, 6.16, 0.76, 12.96, 6.48, 6.84, -0.62, -1.96, -0.66, 9.16]"
197,"[-8.52, 7.12, 3.48, -1.56, -3.4, 1.88, 1.84, -2.32, 1.84, 2.12]"
198,"[-6.25, -0.5, 2.75, -3.25, 8.5, -1.75, -2.5, 0, 2.75, 1.5]"
199,"[-0.45, -5.15, -9.95, 5.85, -3.55, -1.45, 8.0, -7.35, -2.45, -13.5]"
200,"[-6.0, 11.75, 6.25, 16.5, -10.0, 13.0, 5.0, -5.25, 1.25, 4.75]"
201,"[-4.8, 2.62, 5.76, -4.78, -0.4, 1.72, 1.56, -1.96, 5.68, 10.58]"
202,"[-2.25, 0.3, -0.18, 7.75, 1.17, 0.79, 0.93, -6.52, 0, -0.01]"
203,"[-1.0, -1.0, 1.0, 1.5, -2.0, 1.0, 4.0, 0, -1.0, -1.0]"
204,"[-0.55, -3.8, 1.45, 5.25, -0.0, -2.25, 1.6, -0.35, 0.15, -2.6]"
205,"[-18.5, 10.7, 0.3, 12.0, 2.0, -6.0, 3.0, -14.6, 5.9, 12.4]"
206,"[-1.88, 2.8, 1.38, 1.54, -1.68, -0.52, 0, -2.1, -0.42, 0.12]"
207,"[14.41, -5.48, -0.48, -2.94, -1.63, 12.03, 0.34, 2.17, -1.15, -8.96]"
208,"[1.82, -1.55, -1.55, 3.69, -0.62, -0.13, -2.04, -2.02, 0, 1.45]"
209,"[-3.48, 2.47, -3.95, 2.05, 0.84, 2.05, 1.21, -0.37, 0, -0.16]"
210,"[-0.55, -0.79, 1.09, 2.36, -0.38, -0.23, 1.09, -2.85, 1.06, 0.83]"
211,"[-5.89, -4.79, -2.79, 7.39, -1.1, -3.03, -0.17, -1.31, -0.93, -0.79]"
212,"[-103.07, -17.23, -15.21, 114.0, 28.55, 7.9, 12.34, -13.27, 10.46, -13.06]"
213,"[-97.5, 125.14, 62.9, -18.44, -33.96, 67.34, 8.96, 2.36, -2.84, 83.38]"
214,"[-3.88, -19.5, 0.1, 16.0, -8.64, -14.44, 2.56, 3.76, 0.82, -6.02]"
215,"[-2.05, -9.18, -1.96, 5.25, 0.69, -2.31, 1.78, 0.13, 0, -4.18]"
216,"[0.08, -0.46, -1.18, -0.46, -1.12, -2.2, 0.34, -3.64, -1.42, 0.42]"
217,"[5.66, 3.55, -0.91, -8.62, -0.52, -8.04, -2.63, -1.71, 1.58, 6.07]"
218,"[-0.23, 0.05, -0.8, -0.59, -1.65, 1.2, 0.21, -1.01, 0.64, 0.41]"
219,"[6.76, 2.5, 0.8, -3.46, -2.26, 1.88, 2.46, 0, -2.7, -4.66]"
220,"[-2.04, -10.56, -19.12, 28.6, -1.84, -14.88, -3.12, -11.76, 6.08, -10.16]"
221,"[0.66, -1.36, 1.44, -1.52, 0.44, -1.54, 0, 0.24, 0, 1.44]"
222,"[-9.86, -2.17, -1.91, 10.59, 2.1, 1.22, 2.35, 1.48, -7.65, -2.43]"
223,"[-3.6, 2.4, 1.0, 5.0, 0.6, 2.4, -2.2, 0, 0, 1.8]"
224,"[-0.5, -0.52, -1.44, 1.46, -2.42, -2.14, -1.62, -0.18, 0.64, -1.52]"
225,"[-0.63, 0.3, 1.65, 0.3, 1.79, -2.63, 0, 0.79, 0.72, 0.16]"
226,"[-5.06, 2.31, -0.89, 7.42, 2.81, 0.31, 1.11, -1.63, -2.76, -0.17]"
227,"[-3.32, 3.08, 0, -6.12, -1.56, 8.52, 1.72, 6.8, -3.28, -3.28]"
228,"[3.06, 0.66, -1.02, -2.18, -0.22, -3.88, 0.8, 0.76, -2.2, -4.46]"
229,"[-1.16, -1.05, -0.11, 1.86, 1.12, -2.16, -0.11, 0.39, 0, 0.84]"
230,"[4.86, -4.24, -4.28, 2.88, -0.14, -3.52, 0.24, -1.42, 0, -1.76]"
231,"[1.76, -0.09, -0.06, 1.49, -0.21, -1.51, -2.3, -2.12, -0.03, -2.09]"
232,"[-33.17, -2.5, -8.54, 35.32, -2.41, 13.03, 3.23, -1.31, 10.63, 2.38]"
233,"[1.4, -2.0, 0.6, 1.8, 1.6, -1.0, -0.2, 0, 0, -1.2]"
234,"[-11.24, -0.7, -0.04, 16.06, 1.49, 5.49, -0.45, 0.13, -9.3, -8.89]"
235,"[-1.24, -9.44, -1.64, 3.28, 1.66, 2.38, 5.04, 0.34, 0.46, -3.22]"
236,"[6.0, -21.12, -11.38, 10.16, 7.0, -3.02, 0.4, 1.24, -2.1, -19.16]"
237,"[4.8, -8.04, -2.92, 3.74, -2.18, -2.14, -0.34, -0.84, 0.66, -1.7]"
238,"[-6.08, 1.12, 2.2, 3.1, -1.18, 4.72, 2.94, -0.08, 0.42, -0.56]"
239,"[0.69, -6.21, -1.33, 13.27, 14.59, 1.64, -0.84, -2.97, 7.61, -1.56]"
240,"[2.35, -10.84, -0.6, 6.06, -2.6, -12.79, 2.1, -0.8, 1.98, -6.49]"
241,"[0.32, -3.4, -0.96, 4.64, -3.44, 1.44, -0.48, -0.32, -0.64, -3.92]"
242,"[-9.96, -0.5, 2.28, 12.24, -4.38, -12.36, 3.22, 1.78, 1.08, 3.84]"
243,"[-8.33, -18.69, -10.08, 12.84, 3.79, -13.99, 2.02, -15.13, 6.92, -0.23]"
244,"[12.34, 0.24, 4.36, -9.52, -4.78, -16.2, -10.8, -5.28, -1.14, 14.04]"
245,"[-2.8, 5.72, 3.44, 3.4, 1.92, 3.2, -0.44, -0.92, -1.92, 3.44]"
246,"[1.24, 2.68, 2.88, -0.76, -1.48, -1.76, 0.36, -0.28, -0.2, -2.24]"
247,"[-15.11, 12.56, -3.07, 13.97, 3.11, 11.73, 5.35, -4.73, -1.57, 5.79]"
248,"[-1.8, -1.6, -10.7, 12.4, 1.0, -0.6, -2.7, -0.1, -0.3, -3.7]"
249,"[-1.96, -2.48, -0.16, 4.94, -0.48, -1.32, 0, -0.58, 0, -2.32]"
250,"[-2.81, -5.08, -8.76, 6.86, -3.1, -3.0, 2.64, -2.43, 4.22, -6.15]"
251,"[3.5, -7.85, -2.9, 9.5, 3.95, -7.45, 1.3, -0.75, 3.4, -6.45]"
252,"[-2.68, 2.46, 0.8, -1.96, 1.28, 1.32, 0.76, 1.38, 1.38, 5.94]"
253,"[-3.12, -5.22, -12.46, 9.46, 0.92, -22.68, -8.22, -6.44, -1.6, 10.2]"
254,"[-5.44, -10.17, 0.14, 4.62, -8.7, -6.15, 3.61, 1.06, 3.08, 1.24]"
255,"[-12.75, -0.85, -0.35, 21.9, 0.3, -9.1, 1.4, -7.75, 0.4, -0.3]"
256,"[1.48, -3.52, -2.19, 4.91, 1.86, -3.47, -3.57, 0, 0, -2.76]"
257,"[-11.12, 0.97, -4.6, 14.0, 0.57, 0.38, -3.3, -4.15, -3.03, 2.47]"
258,"[-1.14, 0.05, 0.62, 1.25, -3.14, 1.67, 0.81, 1.24, 0, 1.05]"
259,"[1.72, -8.36, -6.24, 4.28, 0.32, -2.8, 0, 0, 0, -3.12]"
260,"[-4.27, 6.2, 9.94, -3.85, -1.53, -1.4, -0.29, -2.37, 0, 10.52]"
261,"[-12.05, -3.42, 9.44, 4.29, 2.15, 8.27, 2.82, 0.83, -3.18, -6.41]"
262,"[-20.49, -9.75, -1.22, 62.74, -22.11, 3.74, 9.26, 9.16, -3.36, -6.93]"
263,"[1.25, 2.75, -4.0, -5.5, 0.5, -1.5, -2.0, 0.75, -0.75, -0.5]"
264,"[0.48, -0.36, 0.88, 1.96, 2.76, -0.36, -0.12, 0, 1.76, 0.76]"
265,"[4.56, -0.52, -1.91, -4.95, 7.32, -0.4, 0.51, -0.97, 0, 2.51]"
266,"[-1.52, -4.39, -0.42, 2.67, 0.61, -4.65, 0.29, 0.29, -0.13, 1.03]"
267,"[-0.12, -3.14, -0.82, 2.34, 2.52, -1.62, -0.48, -0.08, 0, -1.4]"
268,"[-16.54, -4.96, -5.38, 25.6, -0.72, -24.18, 7.4, -0.62, 14.28, 11.38]"
269,"[1.74, -3.1, -5.68, 1.44, 4.48, 0.8, 2.06, -0.42, 0, 1.16]"
270,"[-11.92, -5.66, 5.08, 13.98, -4.56, 12.42, 9.38, 3.26, 1.36, -4.56]"
271,"[-1.18, -1.62, 1.02, 4.0, -4.6, -2.2, -1.8, 2.96, 2.44, 5.46]"
272,"[-8.18, 0.41, 0.64, 1.16, -1.71, 1.82, 1.58, 0, -2.26, 3.7]"
273,"[0.77, -2.19, -1.92, 0.94, 0.09, 1.8, 0.02, 0.45, 0.71, 6.5]"
274,"[2.4, 0.6, -2.4, -0.0, -1.8, 0.25, 0.35, -0.2, -0.55, -2.35]"
275,"[4.75, -4.2, -3.35, -3.4, 3.75, -14.95, -9.85, -2.35, 3.1, 8.35]"
276,"[-1.3, -1.06, -0.52, -1.26, -0.64, -0.52, -0.88, 0.24, 0.86, -2.28]"
277,"[-5.48, -2.18, -1.08, 5.26, 0.7, -1.78, -0.42, 0.04, 2.86, -2.34]"
278,"[-4.16, -0.72, -1.24, -1.7, 0.18, 1.66, 0.52, 0, 0, -0.48]"
279,"[-6.0, -2.2, 1.4, 6.0, 3.4, 3.6, 0.2, -0.6, -0.6, 0.2]"
280,"[-3.04, -0.66, 0.48, 3.82, 0.92, -0.52, 0, 0, -1.76, 0.48]"
281,"[-4.6, -6.58, -3.82, 9.32, 3.3, -3.64, 1.18, 0.56, 0.06, -1.0]"
282,"[-3.56, 1.78, -7.4, 0.82, -6.76, -10.56, 0.04, 0.52, 2.64, 7.7]"
283,"[6.22, -8.62, -5.65, 9.35, -7.37, -11.03, -14.57, -2.42, 6.35, -2.22]"
284,"[-8.96, 3.73, 2.35, 6.08, -3.97, 11.42, 3.68, -3.66, 0, 2.71]"
285,"[-27.76, -7.44, 8.24, 38.96, 1.48, 16.32, 11.36, -1.96, 8.84, -7.56]"
286,"[-1.05, 2.6, 2.4, 3.5, 1.25, -0.5, -1.9, -0.75, 0.1, 3.65]"
287,"[-1.9, 9.02, -4.26, -2.8, 2.34, 6.76, 4.9, -2.65, 1.61, -0.34]"
288,"[7.32, -3.54, 0.9, -1.63, 3.23, -4.44, -1.43, 1.19, -3.24, -4.01]"
289,"[-0.26, -3.32, 0, 4.22, 2.86, -6.32, -3.16, -3.16, 2.02, 1.36]"
290,"[-6.35, 1.63, 4.2, 2.42, -2.95, 0.91, 1.88, 0.94, -2.34, -9.36]"
291,"[-9.86, -0.36, 5.36, 1.64, -7.26, -0.14, 0.58, -0.84, -0.65, 5.68]"
292,"[-3.9, -9.2, -1.05, 17.65, 16.85, -8.85, -0.6, -3.9, 0.1, -4.0]"
293,"[6.74, 2.42, -4.74, 3.66, 6.6, -2.52, -5.8, -4.22, -1.02, 3.0]"
294,"[36.58, -21.06, -2.62, -15.72, 33.76, -13.62, 1.98, -4.98, 4.5, -6.7]"
295,"[-18.26, 7.78, 4.9, 3.0, -0.92, 4.52, -0.36, -2.1, 1.96, 9.26]"
296,"[-1.06, 2.24, 2.16, 1.74, -0.94, 1.08, -2.34, 0, 4.32, 1.06]"
297,"[-18.14, -1.77, -1.71, 25.72, 4.99, -2.58, 5.83, 0.74, 2.57, -3.49]"
298,"[2.6, -3.3, 0.8, 0.3, 1.6, 0.7, 1.2, -0.4, 5.0, -4.0]"
299,"[-4.1, -0.56, -3.54, 12.16, -5.88, -2.26, -2.08, -2.58, -0.48, -12.46]"
300,"[-5.55, 4.6, 1.8, 2.25, -0.35, -0.8, -0.7, -2.3, -2.05, 0.05]"
301,"[-5.72, -6.04, 0.46, 4.78, 5.9, -0.06, 2.46, 0.96, -0.04, -5.12]"
302,"[-1.9, -2.2, -1.75, 0.5, 1.5, 0.85, 0, 1.65, 0.9, 0.2]"
303,"[-2.22, -9.1, 2.52, 2.1, -5.56, -5.96, -6.88, -3.68, -3.68, 7.7]"
304,"[-9.95, -9.53, 2.23, 15.41, -6.55, 11.25, 9.06, -0.48, -7.46, -14.51]"
305,"[-4.68, -4.1, -1.68, 3.19, -0.84, 2.06, 1.16, 0, 0, -6.39]"
306,"[-0.26, -4.54, -4.91, 32.8, 2.56, 0.65, 0.19, -6.17, 2.67, -0.34]"
307,"[-0.13, -0.01, 0.69, 2.0, 2.07, -0.21, 0.8, 0, 0, 0.11]"
308,"[1.0, -5.5, -7.5, 8.5, 1.0, -4.0, -1.5, -6.0, 0, -4.5]"
309,"[3.89, -5.33, -1.9, -8.61, -0.64, -1.72, -3.32, 0.13, 1.55, 0.38]"
310,"[1.34, 0.8, -2.42, -2.46, -0.48, 3.04, 0.02, 0.28, -1.24, -5.2]"
311,"[-17.75, 5.3, -14.93, 55.28, 12.79, 6.5, -13.62, -10.14, 2.21, -2.36]"
312,"[-14.3, -44.0, -27.3, 33.9, 7.3, -7.5, -0.6, -0.7, -1.8, -27.5]"
313,"[-13.28, 2.94, -11.72, 0.82, -2.5, -12.94, -5.06, -0.9, 12.1, 10.1]"
314,"[-2.54, 3.04, 1.06, -0.82, -0.26, -0.56, -0.26, 0.12, -2.26, 1.7]"
315,"[3.08, -4.76, -6.84, 1.52, -6.64, -2.84, 0.52, 1.04, -1.44, -2.84]"
316,"[0.34, 5.28, -0.4, -9.56, -5.66, 0.58, 4.18, -1.48, -2.06, 12.58]"
317,"[-5.36, 1.2, 3.6, -0.84, 0.56, 0.2, 0, 0, -0.96, 1.68]"
318,"[0.52, 4.16, -2.8, -0.16, 1.48, 11.16, 0.72, -0.28, 0.44, -0.32]"
319,"[-0.59, 0.3, 0.15, -1.22, -1.48, -0.22, 0, 0.89, 0, 1.15]"
320,"[-4.19, 2.73, -0.3, 1.27, -3.93, 6.36, 1.18, -0.29, -2.16, -2.69]"
321,"[3.12, -9.2, -5.16, 7.76, 7.04, -3.56, 6.04, -0.72, 1.56, -2.44]"
322,"[-1.95, -4.16, -0.37, -1.75, 2.26, -0.8, 0.25, 1.21, 0, 0.42]"
323,"[-1.72, -3.04, -1.18, 1.92, 0.78, -3.72, -1.18, 0, -0.34, 0.14]"
324,"[3.5, -6.0, -7.0, 1.0, 1.0, -5.0, -0.5, -1.5, 3.0, -0.5]"
325,"[3.64, -0.18, 1.66, -1.52, -1.02, -0.6, 0, -0.84, -0.92, -1.18]"
326,"[2.32, 0.94, -1.22, -1.06, 3.62, 0.62, 2.62, 0, 0.54, -0.28]"
327,"[-2.1, 2.65, 3.15, -0.1, -5.1, -1.15, 0.65, 1.25, 0.3, 4.9]"
328,"[7.36, 1.35, -0.64, -1.0, 3.85, -0.3, 1.16, -1.84, 0.61, 1.03]"
329,"[-2.86, 1.28, 1.95, 1.57, 2.14, -0.1, -0.62, 0, 0, 0.9]"
330,"[-9.81, -2.52, -2.82, 15.09, 5.19, -8.63, -3.11, -5.41, -0.41, -8.76]"
331,"[-4.84, 1.38, -4.8, 6.96, 0.88, 1.82, 0.44, -0.12, 1.88, 0.76]"
332,"[-4.3, 0.36, -10.48, 3.58, -2.12, 15.92, -0.42, 11.78, -1.56, -17.04]"
333,"[0.22, 1.3, 1.68, 1.52, -1.48, 2.42, 1.22, -0.26, -3.4, -1.42]"
334,"[0.35, 0.7, -1.6, 4.15, 1.2, -0.35, 0.05, 0, -1.25, -3.5]"
335,"[-1.8, -4.25, -0.95, 5.65, -0.7, -2.3, 0.55, 0, 0, -2.7]"
336,"[-1.88, -1.88, -0.41, 1.07, 1.77, -1.35, -4.82, -2.47, 0, 2.18]"
337,"[-0.78, 6.66, 14.99, 0.44, -1.89, -7.79, -0.89, -13.79, 0, 8.55]"
338,"[-1.16, -2.24, 0.08, 0.16, -0.68, -2.72, 0.56, 1.52, 0.56, -1.32]"
339,"[7.04, -11.65, -10.75, 10.62, 1.21, -3.93, 4.59, 0, 0, -8.06]"
340,"[-1.92, -6.34, -4.9, 5.54, 2.36, -1.18, 1.12, -0.76, -0.26, 0.2]"
341,"[1.8, -1.7, -3.1, 4.5, 1.5, -4.6, -0.1, -2.6, 0, -4.8]"
342,"[-6.44, -12.68, -8.34, 5.68, 2.44, -0.58, 4.12, -1.08, -1.54, -4.06]"
343,"[1.2, 5.8, 3.0, -5.4, -5.2, 0.6, 0.0, 0.2, 1.4, 4.6]"
344,"[-3.13, -19.43, -5.01, 24.82, -1.42, -13.24, 3.33, -5.56, 0.85, -1.57]"
345,"[-10.92, -9.5, -8.62, 18.88, -3.46, -1.78, 2.46, -6.14, 9.14, -0.0]"
346,"[20.1, 55.25, 2.3, -30.1, -6.55, 7.45, -10.0, -13.5, -4.9, 23.8]"
347,"[-1.44, 1.22, 1.64, 0.64, 0.02, -0.96, 0, 0.02, 0, 0.76]"
348,"[3.62, -2.01, 2.66, -0.49, -4.02, 8.63, 3.99, 1.98, 0, 1.33]"
349,"[2.5, -3.5, -2.5, 2.5, 2.0, -2.0, 0, 0.5, 0, -2.0]"
350,"[-1.42, -4.2, -1.26, 7.73, -1.73, -0.71, -3.79, -4.15, 0.34, 0.29]"
351,"[-2.16, -1.16, -0.08, 0.94, 0.38, -0.26, 1.64, 0.82, 0, 1.38]"
352,"[-0.4, 4.6, -2.5, -2.15, -0.35, 0.65, -2.1, -1.4, -0.3, 4.75]"
353,"[-21.74, 15.92, -8.82, 41.24, -0.41, -0.38, 8.21, -15.99, -0.7, -0.69]"
354,"[-2.36, -1.72, -1.28, 0.16, -0.2, -3.68, 0, 0.24, -3.28, -6.56]"
355,"[-3.16, -30.92, -4.7, 16.38, -3.86, -7.76, 1.68, -10.04, 3.46, 2.1]"
356,"[4.75, -0.2, 1.95, -3.4, 0.9, -2.45, -0.35, 0.95, 0, 0]"
357,"[-1.36, -0.24, -0.48, 0.36, 2.8, 0.04, 0.76, 0.76, 4.32, -1.68]"
358,"[-85.28, -15.86, -11.12, 108.34, 20.88, -9.96, 8.42, -16.52, 18.42, -1.32]"
359,"[-7.12, -0.98, -2.48, 6.58, -2.92, -2.64, 0, 0, 1.68, -1.96]"
360,"[-1.28, -6.12, -0.56, 2.08, -1.28, 4.24, 1.44, 1.96, 0, -2.56]"
361,"[-5.25, 4.8, 6.68, -4.47, 3.24, -3.42, -1.83, -1.22, 0.95, 6.41]"
362,"[4.74, -0.7, 0.6, -1.53, 4.88, 2.09, -1.32, 0.6, 3.18, -3.38]"
363,"[2.3, -21.79, -22.86, 12.46, 2.15, -10.72, 1.19, -3.94, 9.92, -9.47]"
364,"[12.62, -10.94, -12.78, 4.26, 4.72, -6.98, 1.34, 0, -1.28, -7.08]"
365,"[0.31, 1.69, 0.68, 0.04, 3.13, -1.98, -1.55, -1.11, 1.06, 4.13]"
366,"[6.53, 5.49, 1.05, -9.29, 2.33, -0.17, 0, -0.28, 2.6, 6.26]"
367,"[5.3, -0.45, -7.1, 4.95, 2.1, 1.45, 0.8, 3.45, 0.8, -2.9]"
368,"[0.05, -1.25, 0.9, 0.9, -1.25, 1.75, 1.15, -0.4, 1.15, -0.55]"
369,"[-2.24, -6.92, -2.44, 8.4, 2.52, -3.28, 0.28, 0.32, 0.96, -4.52]"
370,"[0.38, -8.16, -7.14, 7.98, -0.52, 1.08, 2.44, 2.64, 0.04, 1.24]"
371,"[4.3, -21.7, -16.1, 22.3, 11.3, 8.3, 0.5, 0.2, 1.9, -22.0]"
372,"[2.0, -1.44, -1.72, -0.92, 6.72, 0, 0, 0, 0, 0.28]"
373,"[-36.7, -3.0, -15.0, 42.5, 0.15, 5.9, -1.05, 0.05, -1.65, -12.45]"
374,"[-7.15, 1.31, -1.64, 7.49, -6.28, 4.9, 0.18, -0.82, -0.41, -5.28]"
375,"[-5.24, 2.06, -0.16, 6.14, -0.16, 7.52, 0, 2.92, -5.08, -3.86]"
376,"[-4.01, -3.46, 0, 4.78, 0.44, -5.19, -3.46, 2.18, -0.91, -3.64]"
377,"[-3.27, -0.66, 0.67, 1.35, -1.15, 1.34, 0, 1.67, 0.01, 2.69]"
378,"[-8.14, -27.5, -8.12, 39.64, -1.1, -4.38, 3.14, -0.7, -17.64, -32.06]"
379,"[-5.11, -7.75, 0.41, 5.59, 1.79, -1.25, -1.52, -2.95, 0.12, -3.97]"
380,"[-58.46, -9.97, -16.12, 50.84, -23.46, -4.94, 12.1, -14.25, 13.46, 25.74]"
381,"[11.1, -25.16, -12.3, 8.22, 16.18, -29.38, -5.32, -11.2, 16.36, 3.72]"
382,"[-14.58, -3.61, -9.35, 3.0, -1.29, -11.85, -2.54, -4.27, 20.67, 23.92]"
383,"[-0.15, -4.02, 2.72, 2.11, -2.51, 0.11, 3.54, 0, 0, 0.03]"
384,"[-5.18, 8.84, 6.96, 5.74, -0.91, -9.03, 1.84, -13.57, 1.09, 10.98]"
385,"[-3.28, -10.88, -4.76, 13.48, -2.0, 13.68, 1.6, -0.4, 0, -6.24]"
386,"[-11.98, -7.64, -9.64, 25.84, 0.08, -5.4, 5.52, -10.2, -0.3, -4.06]"
387,"[-10.67, 0.48, -3.05, 13.09, 3.99, 0.54, 2.22, -0.42, 1.95, 0.22]"
388,"[-34.2, -17.06, -8.06, 67.58, -10.5, -29.42, -0.54, -10.46, 2.18, 3.62]"
389,"[-3.74, 2.8, -1.22, 5.18, -0.44, 3.48, -0.92, -1.92, 1.08, 4.56]"
390,"[0.04, 14.04, 7.56, 2.2, 15.76, 5.04, -4.68, -6.44, -4.48, 15.24]"
391,"[3.76, 1.38, -7.44, -4.82, 0.32, -8.06, 3.3, -2.74, 0, -6.14]"
392,"[-3.7, 2.3, 0.9, 5.1, 3.1, -1.2, -2.1, -3.2, -1.8, -2.2]"
393,"[0.15, -4.0, -4.55, 3.7, 8.35, -2.25, -1.65, -1.95, -0.65, -4.9]"
394,"[26.22, 33.89, 23.67, -29.99, 2.98, 25.08, 11.41, -11.4, -6.69, 28.08]"
395,"[-2.15, 1.24, 5.86, -2.84, -1.23, -4.84, -2.23, -1.46, 0, 3.24]"
396,"[-11.92, 0.72, -1.24, 2.2, 4.6, 6.12, 3.6, 3.64, -0.92, 5.36]"
397,"[-1.31, -0.19, -1.39, 0.46, 2.38, -3.48, 0.47, -2.59, 6.84, 4.87]"
398,"[1.56, 3.44, 1.18, -0.82, 4.14, -0.82, 0.04, 0.06, -1.92, 3.36]"
399,"[2.18, -1.52, -0.26, 1.92, 1.96, -2.08, -0.52, 0.74, -0.26, -1.78]"
400,"[-2.6, -5.8, -2.4, 2.0, 0.0, 0.2, 0.6, 0.8, 3.0, -0.8]"
401,"[-3.2, -1.12, 9.5, 6.03, 0.36, -3.2, -0.82, -0.97, 0.36, 0.52]"
402,"[1.67, -14.75, -4.28, 11.35, 16.39, -13.16, 0.28, -1.52, 0.68, -2.25]"
403,"[-0.76, 1.12, 0.12, -1.8, 0.08, -2.68, -1.88, 2.68, 0, 0.04]"
404,"[-1.1, -2.2, 0.75, 0.9, -2.55, -3.5, -0.95, -0.3, 1.35, -0.9]"
405,"[-10.78, -13.8, -2.28, -1.64, -6.16, -23.38, -7.98, -2.96, 0.22, 2.32]"
406,"[2.08, -5.59, -8.28, 3.07, 2.65, 2.1, -0.02, -7.07, 0.84, -2.8]"
407,"[4.94, -13.26, -6.7, 12.48, -0.44, -10.6, -2.5, -6.42, 5.22, -12.44]"
408,"[-22.55, 6.75, 18.55, 16.95, 16.2, 27.15, 13.0, -5.05, -4.85, -8.7]"
409,"[4.9, -12.4, -2.42, 7.24, -2.26, -7.96, -3.56, -3.14, 0.86, -5.12]"
410,"[-4.5, 7.5, 4.5, -9.0, 2.5, -1.5, 2.5, 0, 0.5, 6.5]"
411,"[-3.6, -0.65, -0.3, -1.0, -1.9, -0.25, 1.7, 0.4, 0, -0.65]"
412,"[-7.1, 9.4, -4.8, 20.3, 9.9, -6.7, 4.7, -3.9, 9.0, 12.9]"
413,"[-0.67, -0.1, 1.38, -1.48, -0.67, 1.71, 0.38, 0, 0, 0.52]"
414,"[0.06, -9.44, -0.48, 7.44, 13.36, -6.3, -1.86, -3.48, 0.76, 2.28]"
415,"[-2.0, 3.0, 2.0, 0.0, 0.0, 4.0, 1.0, 0, -2.0, -1.0]"
416,"[-4.0, -0.2, -3.0, 6.2, 4.8, 2.8, 0.4, 1.0, -0.4, -3.8]"
417,"[-9.74, -1.5, -4.64, 9.26, 0.7, 6.72, 0.68, 0.21, -5.19, -9.6]"
418,"[-0.44, -6.02, -4.92, 9.36, 10.16, -4.3, -0.62, -1.22, 2.4, 3.2]"
419,"[-3.74, -4.82, -1.24, 0.88, -0.7, -2.84, 2.14, 0.76, 0.28, -3.7]"
420,"[5.0, 3.2, -0.4, -2.6, 3.2, -0.0, 2.4, -0.0, -4.8, -2.0]"
421,"[-2.72, -4.66, -4.88, 9.46, 3.3, -1.74, -0.96, -0.96, 0.06, -0.78]"
422,"[3.24, -12.4, -8.64, 12.76, -0.04, -5.2, -0.68, -2.8, 1.2, -3.52]"
423,"[-27.67, -19.2, -12.52, 11.91, -12.68, -3.72, 14.1, 7.56, 1.23, -17.8]"
424,"[-4.08, 1.28, 0.26, 5.88, -4.96, 3.3, 1.52, 1.26, 2.78, -3.46]"
425,"[-9.4, 2.73, -3.59, 6.86, -10.72, 0.67, 1.15, 2.89, 1.78, 3.49]"
426,"[-24.78, 10.34, 1.66, 9.26, -8.06, 1.58, 4.14, -3.54, -5.64, 13.84]"
427,"[-13.28, -6.69, -4.62, -10.65, 2.33, -4.43, -10.3, -0.84, -1.4, -4.75]"
428,"[-2.18, -5.35, -3.74, 21.66, -10.06, 3.91, 5.93, -4.11, 0.59, -14.3]"
429,"[0.49, 0.99, 0.33, -0.22, 1.82, 1.13, -1.52, 0.98, 0.66, -0.18]"
430,"[4.55, -19.65, -4.6, 19.35, -2.15, 5.2, 16.45, 2.05, 9.25, -16.55]"
431,"[-29.1, -4.56, 0.78, 27.76, -4.28, 1.64, 3.06, -8.26, -8.04, -5.86]"
432,"[-1.2, 3.7, -3.4, 0.9, -0.8, 0.7, 4.5, -5.3, -0.4, -2.0]"
433,"[-0.42, -13.64, -6.2, 9.64, -6.41, 3.67, 0.56, 2.36, 1.71, 2.81]"
434,"[-1.26, -8.25, -8.35, 1.2, 9.09, -7.74, 5.27, -0.76, 5.48, -10.87]"
435,"[-0.8, 2.74, 4.56, -2.08, -1.54, -1.54, 0, -0.36, 0.46, 1.38]"
436,"[-2.1, 1.5, -0.1, 6.1, -2.5, -1.9, -0.6, -1.2, 0, 0.6]"
437,"[1.01, -3.85, -3.71, 5.01, -0.56, 1.72, 0, -0.57, -0.7, -1.27]"
438,"[-0.7, -0.7, 0.64, 0.92, 0, 1.3, 0.64, 0, -0.34, -1.52]"
439,"[-12.84, -6.56, -20.96, 23.56, 6.4, 1.4, 3.04, -1.84, 1.68, -12.56]"
440,"[-5.71, 2.94, -0.02, 4.29, -0.35, -1.72, -0.01, -0.34, -0.01, 4.3]"
441,"[-2.42, -12.66, 1.12, 3.66, -7.98, -1.82, 1.12, -0.68, -2.52, -0.3]"
442,"[7.23, -7.72, -0.6, 0.6, -1.66, -10.7, -2.84, 3.16, -0.63, -3.57]"
443,"[-0.88, -0.48, -0.12, 0.46, -0.08, 0.12, 0.14, -0.44, 0.88, 1.88]"
444,"[-7.56, -1.52, 0, 5.66, 0.74, 0.96, 0.48, -0.26, -2.26, -1.78]"
445,"[1.05, -0.12, -0.56, 1.49, 2.72, -2.45, 0.72, -0.67, 0, -4.45]"
446,"[0, 0.2, -1.4, 0.8, 0.3, -0.1, -0.8, 0, -0.6, 0.6]"
447,"[-7.66, -0.44, -1.14, 10.16, 1.6, 1.54, -0.02, -0.04, -0.08, 2.68]"
448,"[-1.68, 2.24, 1.76, -1.52, -1.84, 0.8, 0.16, 0.16, 0, 1.08]"
449,"[-0.8, -1.8, -0.3, 1.4, 0.1, 0.4, -0.3, 0.7, 0.1, -1.1]"
450,"[10.44, -16.64, -12.54, 5.38, -0.66, 6.7, 4.56, 1.22, -2.24, -27.32]"
451,"[-5.35, 6.45, 0.7, -5.95, -2.1, 3.05, 2.7, 0, 0, 1.75]"
452,"[-111.56, -38.78, -6.25, 151.01, -45.19, -61.0, -13.07, -27.88, -2.66, -7.4]"
453,"[2.96, -0.52, 2.64, 3.68, 0.4, 6.44, 0, 0.44, -0.24, -0.04]"
454,"[-0.9, 2.2, -0.4, -0.14, 0.52, 3.2, 1.04, -0.48, 0, 2.08]"
455,"[-2.12, 2.48, 1.92, -5.12, -0.04, 3.62, 1.6, -0.18, -1.36, 1.88]"
456,"[1.1, 6.18, 2.64, 0.26, 1.46, -1.64, -3.7, -3.68, 0.1, 3.4]"
457,"[-49.5, -95.0, -33.5, 142.5, 7.5, 22.5, 26.0, -12.5, -14.5, -64.5]"
458,"[-4.36, -3.42, -2.38, 5.02, 1.1, -3.34, 0.02, 1.02, -2.14, 0.36]"
459,"[-0.4, 0.9, 2.5, -0.5, 0.5, -2.0, 0.3, 0, 0, 0.8]"
460,"[13.19, -4.58, 1.38, -12.91, 1.48, -1.37, -0.2, -1.97, 5.06, 0.39]"
461,"[33.08, -16.32, -11.64, 29.52, 3.48, -37.9, -1.18, -12.16, 13.94, -5.14]"
462,"[-3.84, 1.26, -2.66, 1.52, -0.78, 1.34, 1.42, -0.72, 0, -1.66]"
463,"[-12.2, -19.76, -10.4, 15.28, 5.44, -12.04, -4.2, -0.84, 5.96, -14.44]"
464,"[-0.31, -1.94, -3.26, 0.53, 2.53, 1.11, 0.58, -1.42, 1.37, 2.32]"
465,"[-6.58, -0.56, -0.89, 3.92, -2.24, 3.66, -0.39, 0, 0.11, 1.66]"
466,"[-19.16, -10.87, -16.07, 18.48, 11.71, -6.54, -0.06, 3.68, 20.72, -12.35]"
467,"[-5.88, 0.26, 1.26, 7.5, 8.6, 4.04, 2.78, 0.13, 0, -2.35]"
468,"[-66.0, -101.6, -40.74, 68.04, -34.27, -42.32, 6.06, 4.33, 7.1, -56.36]"
469,"[-4.5, -0.5, -0.5, 5.5, -1.5, 2.0, 0.5, 1.5, -2.0, 1.5]"
470,"[1.52, -0.3, 1.2, 1.04, 0.2, -3.38, 2.98, -2.66, 2.38, 1.64]"
471,"[-10.8, 11.67, -2.2, 3.96, -3.88, -9.27, 0.2, -11.53, 5.75, 22.84]"
472,"[-18.34, -14.51, -6.56, -47.52, -21.06, -3.34, -2.24, 6.48, -2.63, -2.01]"
473,"[-4.54, -0.54, 0.78, 11.96, 4.35, 2.23, 0.76, -0.31, 3.33, -0.2]"
474,"[-1.45, 0.7, -1.12, 1.46, 4.7, -1.12, 0, -1.15, 0.94, -2.27]"
475,"[-72.42, -36.52, -0.72, 125.44, 3.22, -6.78, 14.06, -20.3, -6.32, -32.28]"
476,"[-2.38, -4.3, -5.16, 12.64, -1.12, -3.3, -0.1, -4.18, 0.96, -3.18]"
477,"[5.5, 5.0, 8.0, -8.5, 0, -1.5, -2.0, -4.0, -2.5, 0.0]"
478,"[-1.68, -2.78, -0.66, 2.28, -1.24, -1.58, 1.62, 0, 0, 0.36]"
479,"[-1.22, 5.64, 0.6, 10.04, 5.72, 4.36, 2.9, -1.8, -7.42, -4.54]"
480,"[-21.0, 7.0, 15.5, -17.0, -18.5, 10.5, 6.5, 5.5, -4.0, 5.0]"
481,"[-29.16, -25.12, -20.6, 34.62, -10.74, -3.88, 3.62, -4.08, 1.06, -22.06]"
482,"[-4.45, -1.3, 1.87, -1.81, 1.34, -12.94, -2.32, -0.5, 0, 0.51]"
483,"[-3.1, -10.08, -14.32, 4.14, -2.9, 7.0, 3.86, 6.28, -1.08, -19.5]"
484,"[-3.7, 2.3, 3.2, 0.3, -1.75, 3.45, 1.1, 0.05, 0, 0.2]"
485,"[3.0, -1.9, -0.45, -0.15, 0.65, -2.25, -0.95, -0.35, 0, 1.7]"
486,"[17.38, -16.9, -18.36, 1.26, 1.6, -4.26, -1.34, 0.9, 2.54, -0.3]"
487,"[-14.28, -4.64, -1.16, 14.87, 0.12, 2.81, 3.84, 0.38, 1.38, 2.83]"
488,"[0.24, -4.49, 1.84, 0.15, -0.05, 0.52, 1.17, 1.17, 3.4, -2.93]"
489,"[2.99, -1.82, -1.73, -0.83, 1.36, -1.82, -0.82, 0.09, 1.27, -1.64]"
490,"[-2.02, 3.63, -1.34, -0.02, -0.34, 2.96, -0.01, 0, 0, 1.64]"
491,"[-0.64, -3.32, -2.44, 9.64, -0.12, -4.32, 2.6, -1.84, 0.04, -1.88]"
492,"[-4.67, 0.46, 4.23, 8.42, -0.21, -5.08, -3.31, -1.59, 0, 3.23]"
493,"[-3.62, -3.06, 0.47, 8.42, 3.69, 3.9, 4.94, -0.53, -3.53, -2.12]"
494,"[-6.5, -5.0, 1.0, 8.5, -3.0, -1.0, 0.0, 0.5, 0.0, -1.5]"
495,"[0.84, -1.4, -0.24, 3.48, 0.84, -0.4, -0.04, -1.04, -0.08, -0.28]"
496,"[-16.76, 10.32, 5.99, 11.22, 1.52, 9.41, -0.37, -0.46, 0.36, -0.39]"
497,"[-5.1, -2.58, -3.8, 0.52, -3.84, 1.32, 0.32, 0.88, 0, -6.14]"
498,"[6.36, -1.68, -2.18, -1.98, -1.44, 0.52, 0, -1.24, 1.26, 1.58]"
499,"[-1.25, -3.5, -0.75, 8.0, 1.75, -4.75, 1.5, 0, 0, -0.25]"
500,"[24.99, -14.67, -21.32, 21.41, 35.38, -19.76, -9.39, -18.4, 3.81, -15.93]"
501,"[-9.09, -0.2, 1.89, 20.93, -0.54, -7.89, 0.39, -7.38, -1.68, -5.77]"
502,"[5.0, -7.68, 6.72, 2.04, -0.2, -2.92, 4.28, 0.04, -0.88, -10.12]"
503,"[-0.0, -0.1, -0.4, 0.1, -1.0, 0.7, 0.4, 0.2, 0.1, -0.8]"
504,"[-2.57, 2.3, -0.61, -3.7, -7.83, 5.04, 2.39, 0.13, -1.87, -1.61]"
505,"[4.54, -4.85, -12.95, 4.32, 15.71, -5.87, 3.51, -0.97, -2.28, -4.09]"
506,"[-0.25, 0.75, -0.5, 0.75, 0.5, -2.0, -0.5, -0.25, -0.75, -1.75]"
507,"[0.4, -2.4, 5.7, -0.7, 0.8, -4.1, 1.4, 0, 4.1, 5.1]"
508,"[-3.02, -3.01, -1.56, 5.2, -3.68, 1.09, 0.44, 1.11, -1.78, -2.12]"
509,"[-86.42, -31.8, -19.14, 111.68, -25.19, -10.09, 8.65, -20.45, 4.6, -10.35]"
510,"[9.22, -7.16, -4.08, 8.14, 8.34, -0.72, 0.92, -1.04, -4.52, -16.42]"
511,"[-0.6, -1.6, 0, 1.0, -0.2, 3.3, 0.7, 0, 0.7, -0.2]"
512,"[-1.68, -0.1, -1.76, 4.56, 0.74, 2.53, 0.37, 0, -0.21, 0.03]"
513,"[-1.56, -2.08, -1.28, 4.4, 0.2, 0.4, 0, 1.24, 0.24, -4.32]"
514,"[-26.43, -12.51, -5.38, 42.66, -14.87, -8.52, 3.75, -3.02, -1.19, -0.8]"
515,"[-3.96, 2.4, -0.8, 1.16, -2.16, 0.84, 0.28, -1.86, -1.08, 1.98]"
516,"[-7.44, -11.38, -1.52, 15.27, -0.39, 4.56, 0.24, 1.36, -0.82, -6.69]"
517,"[-0.4, -3.86, -4.89, 5.49, 6.22, 1.03, -2.54, -0.27, 1.46, -6.51]"
518,"[-35.92, -1.21, -4.73, 47.47, 9.25, 18.18, 4.76, -4.05, 17.79, 24.36]"
519,"[-0.95, -1.62, -0.2, -3.15, 1.62, 0.71, 1.13, -0.69, -1.01, -3.07]"
520,"[-17.72, -27.16, -8.78, 18.16, -8.24, -11.38, 7.68, -1.04, -0.92, -4.08]"
521,"[-3.0, -1.9, -1.8, 5.8, -0.3, -2.1, -1.6, 0.3, -0.7, -0.8]"
522,"[-9.71, 1.91, 3.74, 7.45, -10.31, -2.35, -0.05, -4.69, -1.36, 1.22]"
523,"[-7.52, 3.94, -5.56, -1.94, 0.46, -5.4, 2.84, 0.08, 2.4, 2.66]"
524,"[-0.64, -8.3, -0.03, 0.93, -0.74, 2.12, -0.53, 0.84, -0.58, -1.51]"
525,"[-16.77, 15.38, 6.45, 10.56, 0.96, 20.83, 1.31, -0.04, -3.68, 6.81]"
526,"[-0.48, -1.96, 0.68, -1.18, 0.52, -1.18, -0.72, 0.14, 1.02, -0.46]"
527,"[-10.12, -2.74, -4.06, 18.46, 4.61, -8.89, 1.24, 2.36, -5.95, -13.48]"
528,"[-7.7, -9.6, 1.2, 4.3, 0.2, -1.7, 4.6, -0.5, 0.1, 2.8]"
529,"[16.46, -31.97, -22.55, 11.28, -5.21, -18.04, -3.08, -9.42, -2.42, -28.3]"
530,"[-1.75, -10.38, -2.27, 12.51, 1.41, -2.27, -0.79, -1.79, 7.83, -0.17]"
531,"[24.9, -13.54, -2.68, 2.94, 12.18, -8.72, -7.38, -10.4, 11.52, -2.22]"
532,"[-2.7, 0.68, -1.16, -1.06, -4.44, -1.88, -0.9, 0.46, 0.82, 7.26]"
533,"[0.12, 10.16, 8.6, -6.8, -0.0, 2.04, 1.84, -11.32, 0, 17.4]"
534,"[-45.24, 13.24, 1.0, 11.88, -29.28, 30.84, 9.6, -0.24, 8.96, 21.32]"
535,"[-7.46, 2.48, -0.2, 3.56, -6.18, 6.5, -0.06, 1.94, -0.08, -1.32]"
536,"[-14.16, -0.47, -3.12, 17.39, -5.14, 1.19, 1.99, -0.34, 2.22, 1.54]"
537,"[9.18, -10.59, 0.3, -1.42, 10.92, -12.45, 2.26, -13.87, 4.1, 2.4]"
538,"[-0.7, -6.4, -3.62, 5.52, -1.7, -1.32, 0, -0.54, -0.08, -4.32]"
539,"[-1.0, -1.0, -1.0, 0.0, -1.0, 0.0, 0.0, 0, 0, -1.0]"
540,"[-2.17, -2.78, 0.48, -0.02, -0.41, 1.46, 1.98, 0.37, -1.76, -1.78]"
541,"[0.0, -0.25, -4.75, 2.0, -1.25, 1.75, 3.75, 1.0, 0, -2.0]"
542,"[-1.8, 4.1, 2.5, -1.85, 1.05, 2.1, 3.1, 0.65, 5.9, 0.5]"
543,"[-1.59, 5.05, -0.31, 1.36, -0.97, 2.04, 0.34, 0, -1.32, 2.06]"
544,"[5.89, -10.69, -10.23, 5.78, -1.1, -3.75, 0.98, -0.11, 0.53, -8.71]"
545,"[-9.4, -9.3, 0.2, 2.1, 2.6, 4.3, 0.7, -2.8, 0, 1.1]"
546,"[4.38, 2.62, -1.39, -5.57, -3.37, -2.83, 0.04, -1.64, 2.72, 5.39]"
547,"[-190.72, -55.21, -16.81, 84.48, -77.62, 15.53, 29.49, -18.96, 6.46, -25.66]"
548,"[-1.2, 2.57, 3.45, 0.02, -4.73, 4.98, -0.33, -0.11, -1.48, -0.62]"
549,"[0.29, -2.76, 2.43, 0.29, -2.88, -0.57, 0.12, -1.19, 0, -1.38]"
550,"[2.18, -20.92, -0.4, 13.58, 4.24, -4.76, 3.14, -1.06, -0.32, -7.72]"
551,"[-0.14, 2.15, 1.93, 3.08, -1.29, 0.98, 0.44, -2.51, 2.1, -2.19]"
552,"[-4.9, -4.5, -1.6, 6.3, -3.8, 3.9, 1.3, 1.9, 2.9, -2.2]"
553,"[-3.5, 14.0, -4.0, -6.5, -6.0, -9.5, -1.0, -1.5, -2.5, 18.0]"
554,"[-3.59, -9.29, -0.31, 16.44, 2.37, -6.62, 2.01, -4.3, 0.67, -1.63]"
555,"[-2.32, -2.42, -0.16, 6.08, -6.88, -5.24, 0.64, -1.9, 0, -2.16]"
556,"[-4.76, 0.4, 1.7, 1.94, -0.46, 1.02, 0, 0.54, -0.46, -0.6]"
557,"[11.54, -3.32, 1.28, -8.26, 5.14, -0.94, 1.28, 0, -11.46, -9.46]"
558,"[-16.04, -2.8, -0.44, 14.64, -1.6, 0.06, 1.88, -0.08, 0.3, 3.88]"
559,"[-19.9, -0.38, -2.24, 15.22, -0.92, 3.14, 3.64, 0.74, -2.78, -0.28]"
560,"[-2.1, -0.4, 2.2, 2.2, 0.7, 2.6, 1.0, -0.3, -0.3, 0.4]"
561,"[-3.9, 8.2, -4.5, 10.7, -5.0, 0.4, 2.9, 1.3, -9.4, 5.8]"
562,"[-8.08, 13.12, 3.08, -13.04, -4.08, 1.56, -0.36, -1.24, 0.24, 13.6]"
563,"[6.9, -3.6, -4.0, 9.1, -1.2, -1.3, 0.7, -5.3, 7.6, 1.6]"
564,"[-11.1, -113.5, -13.7, 88.25, 23.0, 35.7, 40.05, 25.15, 21.8, -58.6]"
565,"[4.16, -0.11, 2.62, -2.68, 4.62, 4.35, 0, 0, 0, -0.65]"
566,"[-3.16, 4.18, 1.6, 1.6, 0, 1.34, 0.62, -0.26, 0, 2.6]"
567,"[-0.65, -2.15, -0.95, -2.15, 1.25, 2.5, -1.2, 0.3, -0.85, -3.95]"
568,"[-5.36, 7.77, 3.98, -6.04, -1.85, 6.6, 0.83, -0.34, -0.34, 0.62]"
569,"[-0.8, 0.3, -2.1, -2.1, 6.7, 2.1, -2.4, -0.1, 0, 1.3]"
570,"[-6.1, -11.58, -22.46, 3.22, 3.06, 14.34, 6.74, 1.92, -6.9, -7.9]"
571,"[-4.75, -1.1, 0.81, 4.29, -0.8, 3.79, 1.59, 0.09, 0.61, -3.93]"
572,"[-2.14, -3.56, -2.7, 10.82, -4.5, -1.16, -0.22, -2.3, 0.92, -2.0]"
573,"[-2.33, -0.43, -2.47, 5.16, 1.61, 0.06, 0.02, -1.49, 4.08, -0.9]"
574,"[-22.46, -14.47, -16.18, 49.29, 7.42, 13.32, 4.22, -7.17, -3.21, -17.95]"
575,"[15.4, -19.8, -15.2, -15.4, 30.0, -18.6, 3.6, -4.6, 7.6, 7.4]"
576,"[-1.24, -1.14, -2.92, 3.18, 2.54, -2.8, 1.22, 0, 0, -1.02]"
577,"[-15.72, -1.12, 2.96, 19.72, 1.68, -7.2, 0.24, -0.08, 12.42, 14.22]"
578,"[2.24, -7.97, -2.63, 4.54, 3.53, 1.03, -0.34, 1.29, 1.29, -3.26]"
579,"[0.08, -1.9, -0.14, 0.48, 2.86, -0.66, 2.12, -0.88, -2.64, -2.16]"
580,"[1.45, -37.54, -37.53, 80.23, 13.04, -49.17, 6.99, -30.01, 1.89, -22.11]"
581,"[-0.7, 10.1, -1.8, -3.0, -0.3, 3.9, -0.9, -1.8, 4.3, 1.4]"
582,"[-15.56, 6.24, -0.82, 2.88, 3.24, 2.06, -3.72, 5.28, -5.74, -8.18]"
583,"[-1.11, -1.49, -0.83, 2.96, -0.22, -1.55, 0.39, -1.61, 0, -0.94]"
584,"[-25.75, 2.25, 4.5, 27.0, 1.0, -0.25, 11.25, -7.75, 7.0, 6.75]"
585,"[-1.25, -10.25, -15.5, 10.5, 5.5, -1.5, 5.75, 0.75, -3.75, -11.0]"
586,"[2.4, -9.4, 3.3, 2.0, 0.6, -1.6, 0.5, 0.2, 1.2, 0.5]"
587,"[-13.6, 1.65, -5.75, 3.7, 0.3, -0.25, 8.3, -0.1, -1.15, 0.65]"
588,"[-1.38, -3.4, -3.02, 2.6, 2.65, 4.59, 2.32, -0.34, -0.67, -3.05]"
589,"[-2.4, -0.6, 3.2, -0.4, 2.2, 2.8, 0.2, -0.6, 0.4, 1.6]"
590,"[-4.68, -2.64, -4.35, 6.32, -0.82, 2.3, 0.06, -1.47, -0.96, -2.8]"
591,"[-1.3, -2.42, 0.78, 3.06, 2.58, -0.48, -0.24, -0.24, 0.06, -6.16]"
592,"[-2.84, 31.16, 7.6, -10.52, -4.32, 24.28, 1.72, 1.2, -18.56, 14.24]"
593,"[-1.04, -5.84, -1.48, 1.92, 4.6, 4.24, 1.16, -0.84, 0.04, -8.36]"
594,"[-6.85, -2.53, -2.54, -0.64, -6.99, -0.76, 2.56, -0.66, 0.67, 1.68]"
595,"[-2.52, -3.95, -1.58, 15.83, 4.66, 11.26, 4.49, 0.14, -20.2, -17.48]"
596,"[-23.37, -26.24, -22.23, 49.78, -2.64, -0.4, 11.24, -7.96, -5.8, -12.29]"
597,"[13.13, -17.49, -22.7, 6.36, 12.58, -5.61, 0.47, -14.25, 1.88, -6.39]"
598,"[1.47, -10.51, -4.48, -13.25, -11.37, -10.5, 4.76, -11.6, 11.33, 19.34]"
599,"[3.29, 3.78, 1.68, -7.32, 2.9, -3.84, -5.91, -0.49, -0.42, 12.43]"
600,"[1.2, -3.2, -1.5, -0.1, 0.7, -0.9, 1.3, 0, 5.3, -0.4]"
601,"[-3.45, -1.04, -0.8, 4.56, 1.55, 3.01, 3.91, -0.57, -0.07, -1.71]"
602,"[-3.05, -19.12, -5.93, 11.9, 4.99, -11.42, 1.22, -4.04, 5.44, -7.75]"
603,"[-11.02, 6.72, 4.86, 7.25, -1.79, 1.86, 0.26, -2.61, 7.21, 1.46]"
604,"[-3.06, 1.96, -0.68, 3.14, 0, 4.46, 0.66, 0.66, 0, -3.2]"
605,"[-9.0, -8.4, -11.5, -7.4, 0.6, 6.1, 9.4, -15.3, 14.8, 9.95]"
606,"[-6.22, 0.56, -1.9, 5.2, 1.88, 2.44, 2.42, -3.22, -3.58, -2.98]"
607,"[-17.6, 26.5, -2.55, 0.35, -13.4, 16.65, 6.4, 1.85, 3.95, 29.8]"
608,"[-12.25, -11.25, 2.15, 5.95, -0.75, -5.0, 5.95, 5.1, 0.25, -2.75]"
609,"[2.52, 0.48, -1.92, -23.72, -7.24, 4.96, 12.32, 23.36, -0.96, 1.44]"
610,"[0.16, -1.48, -1.98, 2.9, 1.0, 1.74, 1.46, -1.3, -5.3, -4.22]"
611,"[4.24, -6.96, -2.38, 4.36, 3.74, -7.96, -0.66, -8.16, 0.56, 3.08]"
612,"[-7.23, -0.76, -0.4, 4.78, -3.4, 0.2, 0.04, 0.51, 0.55, -0.77]"
613,"[-3.59, 0.33, -0.39, -1.29, -1.58, 1.41, -0.81, 1.69, 2.19, 4.72]"
614,"[7.4, -10.42, -9.14, 0.19, 2.23, -1.18, 9.03, 1.24, -0.69, -8.59]"
615,"[4.1, -11.0, -6.7, 21.2, -0.6, -5.0, 1.8, -7.8, 6.5, -2.0]"
616,"[-3.05, 1.64, 1.32, 0.93, 2.29, -0.04, -0.67, -0.67, 0, 1.65]"
617,"[-7.92, -2.84, -2.6, 6.52, -0.8, 0.24, 2.28, 4.0, -1.6, -1.08]"
618,"[-1.6, -2.7, -4.5, 3.2, 2.3, -2.1, -0.1, 3.4, -0.1, -1.3]"
619,"[-1.2, -6.36, -4.16, 5.16, 0.88, 0.68, 1.44, -0.04, 0.96, -0.72]"
620,"[-1.4, -9.6, -1.8, 10.05, 5.3, -5.8, -2.2, -5.8, 2.6, -2.05]"
621,"[1.54, 0.46, 0.7, 0.14, -1.22, 1.48, 0.9, -2.34, -5.36, 4.18]"
622,"[0.62, -2.24, 0.46, -0.42, 0.06, -3.76, -1.16, -0.44, -0.88, 0.8]"
623,"[1.18, -7.2, -7.14, 14.34, 0.48, 0.94, 2.2, -2.12, -0.6, -5.16]"
624,"[40.01, -70.49, -57.59, 75.83, -18.97, -36.02, 3.84, -46.8, 36.52, 37.57]"
625,"[-4.74, 2.98, 3.14, 5.24, -0.76, 2.3, 1.88, -7.98, 1.22, -0.02]"
626,"[2.42, -8.85, -3.2, 12.97, 5.82, -2.01, 8.86, -0.36, -0.59, 1.27]"
627,"[-27.78, -18.44, -10.84, 14.6, -4.2, 3.38, 14.42, 10.12, 1.44, -10.3]"
628,"[-11.3, -5.1, 3.8, 7.1, -7.1, 9.8, 4.3, 1.6, -0.8, -4.6]"
629,"[7.76, -6.16, -3.08, -1.36, 3.84, -2.68, 0, 0.96, -3.08, -2.2]"
630,"[-0.49, -3.35, -2.71, 3.16, 3.08, -1.49, 1.65, -2.07, 0, -1.71]"
631,"[-1.35, -4.04, -0.01, 1.62, 0.65, -3.05, 3.65, 2.66, 0, 1.32]"
632,"[-0.3, 2.2, 2.0, 1.3, -1.3, 0.6, 0, 0.1, 0.6, -0.2]"
633,"[0.44, -4.04, -1.65, 1.92, -0.91, -1.56, -0.13, 0, -0.26, -1.04]"
634,"[-6.1, -0.3, -2.8, 4.9, 0, -0.22, -0.72, 0, 0.14, 0.06]"
635,"[-2.5, -1.0, 1.0, 1.0, 0.5, 4.0, 1.0, 3.0, 0, -1.0]"
636,"[-2.85, -0.77, -0.36, 4.15, -1.13, 1.46, 1.23, -0.59, 0, -0.36]"
637,"[-4.03, 0.82, 0.66, 4.46, -2.18, 1.32, 1.66, -0.67, 0, -2.01]"
638,"[7.95, -0.85, -2.7, -1.25, 1.2, -7.3, 0, -1.9, 1.55, 2.75]"
639,"[0.93, -8.18, -4.59, 4.53, -0.44, -2.4, -3.85, 0.26, -1.11, -3.44]"
640,"[-5.05, 2.5, 2.1, 3.65, -2.1, 1.8, -0.65, -0.65, -0.3, 2.9]"
641,"[-3.3, -7.1, -2.1, 8.3, 10.2, -1.2, -0.3, 0.6, 0.3, -5.9]"
642,"[3.99, 1.33, 1.33, -2.02, -2.9, -7.12, -2.23, -1.89, 0, 0.33]"
643,"[-8.81, -0.95, 4.51, 7.02, -2.66, -0.97, 0, 0, 0, 3.18]"
644,"[1.14, -2.46, -2.28, 7.88, 4.26, 3.54, 0.72, -3.1, -1.46, -4.1]"
645,"[-1.02, 1.66, 0.95, 0.19, -2.05, 0.03, -0.84, 0.29, -0.92, 1.61]"
646,"[-2.2, -6.44, 1.72, 7.4, -2.48, 0.72, 1.28, -3.08, 7.8, 2.0]"
647,"[1.04, -10.28, -3.08, 7.8, 4.08, -15.52, -1.2, -0.24, 1.44, -5.08]"
648,"[14.85, -16.46, -12.56, 23.04, -0.09, -13.76, -4.69, -6.39, -4.43, -12.27]"
649,"[-2.91, -4.75, -11.61, 5.11, -1.24, 9.21, -2.06, -0.02, -2.04, -8.67]"
650,"[-3.92, 1.16, 1.04, 2.2, 0.44, 2.16, -0.32, -0.32, 0, 2.44]"
651,"[-2.4, 3.8, 1.32, -1.56, -1.04, 0, 0, 0.16, 1.16, 4.12]"
652,"[4.94, -6.98, 0.36, 0.56, 5.16, -4.9, 0.18, -0.66, 0.64, -0.52]"
653,"[2.0, 2.0, 3.0, 2.0, 3.0, -3.0, -2.0, 1.0, 5.0, 2.0]"
654,"[-15.87, -18.44, -12.47, 19.46, -10.62, 0.02, 8.35, -5.72, 6.63, -0.17]"
655,"[5.51, 0.03, -8.89, -13.25, 1.74, -1.75, -0.9, 1.15, 0.96, 3.62]"
656,"[0.09, 1.99, 0.7, 1.78, -1.9, -4.07, 3.58, -2.24, 0.7, -2.66]"
657,"[-0.82, -4.29, -0.41, 3.77, -1.41, 1.83, -0.47, 2.06, -0.47, -2.82]"
658,"[0.8, 1.4, -1.08, 2.68, 2.16, -3.96, -1.44, -0.72, 1.84, 1.48]"
659,"[-1.87, -4.7, -2.41, 13.24, 0.57, -5.99, -1.46, -0.34, 1.22, 3.81]"
660,"[-0.68, 4.12, -0.17, 1.01, -0.21, -2.8, 1.91, -3.69, 2.82, 0.86]"
661,"[-4.1, 1.0, 1.6, 3.9, -0.1, -1.4, 0.7, 0, 0.2, 1.8]"
662,"[-0.51, -9.66, -1.85, 10.12, 1.08, -6.03, -0.74, 0, 0.89, -4.18]"
663,"[0.64, 0.08, 0.74, -0.26, -0.66, -0.26, -0.44, 0.28, 1.56, 1.58]"
664,"[-10.9, -7.6, 0.9, 10.6, -5.3, 2.7, 12.6, -9.6, -0.2, -0.2]"
665,"[-19.03, 3.96, 2.82, 15.77, -0.99, -8.46, -1.06, -11.38, 19.66, 13.22]"
666,"[-3.3, -2.8, -0.5, 3.4, -5.0, 0.3, 0, 0.2, -0.8, 2.0]"
667,"[5.64, -5.96, 2.44, 2.76, -8.72, -3.16, 0.72, 0, 2.16, -0.48]"
668,"[-3.44, -0.36, 0, 6.84, 1.32, 1.96, -0.68, 1.32, -2.04, -1.36]"
669,"[0.38, 4.03, -3.64, 1.04, -0.32, -3.29, 1.01, -5.31, 0, 2.35]"
670,"[0.2, -1.0, -0.2, -0.6, -0.6, 1.0, -0.2, 1.2, 0, -2.2]"
671,"[-6.09, 1.98, 1.58, -6.82, -0.93, 2.71, 1.36, 0.18, 2.99, 4.02]"
